Node,Node_ID,In_Degree,Out_Degree,PageRank,On_Likely_Path
Атакующий,1,0,1,0.03954321683491084,true
FW,2,1,1,0.07315483310266997,true
Web-сервер,3,1,2,0.10172461875035871,true
БД,4,2,1,0.10721388267553802,true
Раб.станция,5,1,2,0.10990283957216576,false
Файл.сервер,6,2,1,0.11068989366094496,false
Почта,7,1,1,0.0827759432317752,false
Админ,8,1,3,0.08625195421718214,false
Бэкап,9,2,0,0.15806747649612538,false
ЦЕЛЬ,10,1,0,0.13067534145832901,true
